Algorithms,Purity,NMI,RI,F Score,
OntHot KM,0.3218855218855219,0.5145880401007128,0.21553470084201937,0.4233199514352307,
Word2Vec KM,0.3474747474747475,0.5851365520905987,0.3135010712099571,0.5904837343136519,
PIC,0.336026936026936,0.5607656472690045,0.22748598399652958,0.4865373299684167,
MDS KM,0.3367003367003367,0.5788408908583627,0.2750047079098592,0.5499430990430897,
