Algorithms,Purity,NMI,RI,FScore,
OntHotKM,0.3218855218855219,0.5145880401007128,0.21553470084201937,0.4233199514352307,
Word2VecKM,0.3474747474747475,0.5851365520905987,0.3135010712099571,0.5904837343136519,
PIC,0.33400673400673403,0.5608509525946586,0.22753962901301236,0.48661358334371646,
