Algorithms,Purity,NMI,RI,F Score,
OntHot KM,0.3218855218855219,0.5145880401007128,0.21553470084201937,0.4233199514352307,
Word2Vec KM,0.3474747474747475,0.5851365520905987,0.3135010712099571,0.5904837343136519,
PIC,0.3212121212121212,0.46744501910842823,0.20286916394444077,0.35837869065049643,
MDS KM,0.33804713804713804,0.5977632132343559,0.3309478523829723,0.6135282883342176,
